Zipcode,Name
94107,OpenAI
94103,Anthropic
94103,Cohere
94107,Weights & Biases
94107,Scale AI
94107,Primer AI
94103,You.com
94103,Character.AI
94107,AssemblyAI
94107,Pinecone Systems
94107,Deepgram
94107,Lightning AI
94107,Modular Inc.
94107,Typeface
94107,Imbue
94107,ElevenLabs
94107,RunwayML
94107,Descript
94107,Midjourney
94107,Jasper
94107,Writer
94107,PolyAI
94107,Cresta
94107,Observe.AI
94107,Moveworks
94107,Glean
94107,Forethought
94107,Retool AI
94107,Hex Technologies
94107,Mem Labs
94107,Tabnine
94107,Sourcegraph
94107,Perplexity AI
94107,Gamma
94107,Harvey.ai
94107,Tome
94107,Adept AI
94107,Notably AI
94107,Vectara
94107,Anyscale
94107,Modal Labs
94107,Motional
94107,Cruise
94107,Waymo (San Francisco office)
94107,Applied Intuition
94107,Comma.ai
94107,Luminar Technologies(San Francisco office)
94107,Nuro (San Francisco Office)
94107,Figure AI
94107,Covariant
94107,Intrinsic
94107,Formant.io
94107,Vicarious Surgical(San Francisco Office)
94107,Path Robotics(San Francisco Office)
94107,Osaro
94107,Zipline (San Francisco Office)
94107,Skydio (San Francisco Office)
94107,Veritone (San Francisco Office)
94107,Clarifai (San Francisco Office)
94107,Hugging Face (San Francisco Office)
94107,Databricks(San Francisco AI Office)
94107,Dataminr (San Francisco Office)
94107,DataRobot (San Francisco Office)
94107,Samsara (San Francisco Office)
94107,Zapier (San Francisco AI Team)
94107,Zapata AI (San Francisco Office)
94107,Notion
94107,Grammarly (San Francisco office)